{
	"credit": "Made with Blockbench",
	"textures": {
		"main": "kunet:block/network_connector_rod",
		"particle": "#main"
	},
	"elements": [
		{
			"name": "bottom",
			"from": [5, 0, 5],
			"to": [11, 1, 11],
			"faces": {
				"north": {"uv": [2, 0, 8, 1], "texture": "#main"},
				"east": {"uv": [2, 0, 8, 1], "texture": "#main"},
				"south": {"uv": [2, 0, 8, 1], "texture": "#main"},
				"west": {"uv": [2, 0, 8, 1], "texture": "#main"},
				"up": {"uv": [2, 0, 8, 6], "texture": "#main"},
				"down": {"uv": [2, 0, 8, 6], "texture": "#main", "cullface": "down"}
			}
		},
		{
			"name": "middle",
			"from": [6, 4, 6],
			"to": [10, 5, 10],
			"shade": false,
			"faces": {
				"north": {"uv": [8, 3, 12, 4], "texture": "#main", "tintindex": 17},
				"east": {"uv": [8, 0, 12, 1], "texture": "#main", "tintindex": 17},
				"south": {"uv": [8, 3, 12, 4], "texture": "#main", "tintindex": 17},
				"west": {"uv": [8, 0, 12, 1], "texture": "#main", "tintindex": 17},
				"up": {"uv": [8, 0, 12, 4], "texture": "#main", "tintindex": 17},
				"down": {"uv": [8, 0, 12, 4], "texture": "#main", "tintindex": 17}
			}
		},
		{
			"name": "bottom_raised",
			"from": [6, 1, 6],
			"to": [10, 2, 10],
			"faces": {
				"north": {"uv": [8, 4, 12, 5], "texture": "#main", "tintindex": 17},
				"east": {"uv": [8, 4, 12, 5], "texture": "#main", "tintindex": 17},
				"south": {"uv": [8, 4, 12, 5], "texture": "#main", "tintindex": 17},
				"west": {"uv": [8, 4, 12, 5], "texture": "#main", "tintindex": 17},
				"up": {"uv": [3, 1, 7, 5], "texture": "#main", "tintindex": 17},
				"down": {"uv": [0, 0, 0, 0], "texture": "#main", "tintindex": 17}
			}
		},
		{
			"name": "top",
			"from": [7, 6, 7],
			"to": [9, 7, 9],
			"shade": false,
			"faces": {
				"north": {"uv": [9, 2, 11, 3], "texture": "#main", "tintindex": 17},
				"east": {"uv": [9, 1, 11, 2], "texture": "#main", "tintindex": 17},
				"south": {"uv": [9, 2, 11, 3], "texture": "#main", "tintindex": 17},
				"west": {"uv": [9, 1, 11, 2], "texture": "#main", "tintindex": 17},
				"up": {"uv": [9, 1, 11, 3], "texture": "#main", "tintindex": 17},
				"down": {"uv": [9, 1, 11, 3], "texture": "#main", "tintindex": 17}
			}
		},
		{
			"name": "rod",
			"from": [7, 1, 7],
			"to": [9, 6, 9],
			"faces": {
				"north": {"uv": [0, 0, 2, 5], "texture": "#main"},
				"east": {"uv": [0, 0, 2, 5], "texture": "#main"},
				"south": {"uv": [0, 0, 2, 5], "texture": "#main"},
				"west": {"uv": [0, 0, 2, 5], "texture": "#main"},
				"up": {"uv": [0, 0, 0, 0], "texture": "#main"},
				"down": {"uv": [0, 0, 0, 0], "texture": "#main"}
			}
		}
	],
	"display": {}
}